{
  "geocodeService": {
    "url": "https://geocode.arcgis.com/arcgis/rest/services/World/GeocodeServer"
  },
  "enableRouting": true,
  "bufferRange": {
    "minimum": 0,
    "_default": 0,
    "maximum": 100
  },
  "distanceUnits": "miles",
  "distanceSettings": {
    "miles": 9035,
    "kilometers": 9036,
    "feet": 9002,
    "meters": 9001,
    "yards": 9037,
    "nauticalMiles": 9030
  },
  "maxDistance": "80",
  "defaultZoomLevel": 13,
  "tabs": [],
  "summaryDisplayEnabled": true,
  "exportFieldsOptionForCSV": "allFields",
  "incidentLabel": "Incident",
  "locateIncidentLabel": "Locate Incident",
  "bufferLabel": "Buffer Distance",
  "disableVisibilityManagement": false,
  "saveEnabled": false,
  "savePoints": false,
  "drawGeodesic": false,
  "saveLines": false,
  "savePolys": false,
  "selectionColor": "#ec0000",
  "snapshotEnabled": false,
  "reportEnabled": false,
  "reportSettings": {
    "printTaskURL": "https://utility.arcgisonline.com/arcgis/rest/services/Utilities/PrintingTools/GPServer/Export%20Web%20Map%20Task",
    "footnote": "",
    "logo": "${appPath}/widgets/SituationAwareness/images/defaultLogo.png",
    "textColor": "#0f96cc"
  }
}
